<?xml version="1.0" encoding="utf-8" ?>
<dwsync>
<file name="bg_hint.jpg" server="C:/Program Files/VertrigoServ/www/ewebcms/" local="128850937400000000" remote="128850937400000000" />
<file name="main-hint.jpg" server="C:/Program Files/VertrigoServ/www/ewebcms/" local="128850932300000000" remote="128850932300000000" />
<file name="combine.png" server="C:/Program Files/VertrigoServ/www/ewebcms/" local="128850926680000000" remote="128850926680000000" />
<file name="required.png" server="C:/Program Files/VertrigoServ/www/ewebcms/" local="128850950540000000" remote="128850950540000000" />
<file name="help.png" server="C:/Program Files/VertrigoServ/www/ewebcms/" local="128850995760000000" remote="128850995760000000" />
<file name="add.png" server="C:/Program Files/VertrigoServ/www/ewebcms/" local="128863051240000000" remote="128863051240000000" />
<file name="logo.png" server="C:/Program Files/VertrigoServ/www/ewebcms/" local="129082780162968752" remote="129082780160000000" />
<file name="ewebcraft.gif" server="C:/Program Files/VertrigoServ/www/ewebcms/" local="128849239680000000" remote="128849239680000000" />
<file name="logout.jpg" server="C:/Program Files/VertrigoServ/www/ewebcms/" local="128850120320000000" remote="128850120320000000" />
</dwsync>